36159336	A Headline That Earns a Click
36159337	Write Your About in Your Own Voice
36159340	You Attended and Met Nobody
36159341	The Contact You Lost Touch With
36159342	A Referral Needs Evidence
36159343	Make It Easy to Say Yes
36159344	Give Them a Reason to Pass On
36159350	Write the Paragraph They Can Forward
36159351	The Thank You You Never Sent
36159352	A Reader Believes What They Can Open
36159354	Ask a Narrower Question
36159355	One Person Is Not Enough Feedback
36159358	Stop Explaining and Listen
36159359	Wait a Day, Then Reply
36159361	Twice Is a Pattern
36159363	Fix One Thing, Not Five
36159364	The Praise You Are Holding
36159366	Great Job Tells Them Nothing
36159367	The Thing You Are Not Saying
36159368	Tell Them You Took Their Advice
36159369	Your Manager Cannot See the Total
36159370	Ask What Moves
36159373	Bring Two Options
36159376	Ask on Monday, Not Friday
36159377	Your One on One Became an Email
36159379	Bring the Agenda
36159380	Quiet Compliance Costs the Work
36159382	Do You Know What Good Looks Like?
36159383	New Manager, Old Habits
36159384	Hints Are Not Requests
36159385	The Yes You Gave Too Fast
36159386	Say Yes With a Condition
36159393	A Break Next to Your Work Is Not a Break
36159394	Decide the Stop Time First
36159395	Availability With No Edges
36159396	One Place, Not Five
36159397	Reliable Is Not the Same as Responsible
36159402	Hand One Thing On
36159403	The List Does Not Empty
36159404	Close the Week on Friday
36159405	Four Courses, None Finished
36159406	Use It Once This Week
36159408	Preparing Instead of Trying
36159409	Twenty Minutes, Three Days
36159410	Your Name Goes On It Either Way
36159411	Ask It to Argue Back
36159412	The Skill Nobody Knows You Have
36159416	Teach It in Five Minutes
36159417	Which of Your Skills Travels?
36159418	Write Down What You Learned
36159419	Nobody Starts That Conversation For You
36159420	One Page They Can Argue From
36159425	The Unpaid Senior Role
36159426	Find Out Who Actually Decides
36159428	Loyal and Still Invisible
36159430	Look Inside Before You Look Out
36159431	Ready Is a Feeling, Not a Requirement
36159435	Ask for One Task From the Level Above
36159436	A Conversation With No Date
36159437	Send the Summary Afterwards
36159438	You Never Asked What It Pays
36159439	Where Did Your Number Come From?
36159443	Relief Is a Poor Negotiator
36159444	Salary Is One Line of Many
36159445	Two Years, No Pay Conversation
36159446	Make the Case, Not the Plea
36159447	The Number You Say Too Fast
36159450	Say the Ask Out Loud First
36159451	No Is a Timing Answer
36159452	Decide Your Walk Away First
36159453	Twenty Applications, One Average Letter
36159454	Where Is Your List?
36159464	Silence Is Not a No
36159465	One a Day Beats Twenty a Month
36159466	The Two Week Stop
36159467	Ask What Was Missing
36159468	A Restructure Is Not a Verdict
36159469	Tell Three People This Week
36159470	Do Not Search Alone
36159472	The Near Miss Worth Keeping
36159473	What Does a Good Tuesday Look Like?
36159475	Three Markers, Not Five Years
36159494	Try the Smallest Version First
36159479	You Are Not Behind on Their Timeline
36159496	Name Your Own Progress
36159497	Are You Staying, or Just Not Leaving?
36159484	Before the Resignation Letter
36159485	The Quarter That Ended Quietly
36159510	Choose the Next One Thing
36159511	We Did It
36159488	Say the Thing You Shipped
36159519	Present Your Own Section
36159520	The Questions You Did Not Ask
36159521	Write It Down While It Is Still Strange
36159522	Agree What Ninety Days Should Look Like
